{
  "$schema": "./node_modules/@angular/service-worker/config/schema.json",
  "index": "/index.html",
  "assetGroups": [
    {
      "name": "app",
      "installMode": "prefetch",
      "resources": {
        "files": [
          "/favicon.ico",
          "/index.html",
          "/*.css",
          "/*.js"
        ]
      }
    },
    {
      "name": "assets",
      "installMode": "lazy",
      "updateMode": "prefetch",
      "resources": {
        "files": [
          "/assets/**",
          "/*.(png|jpg|jpeg|gif|svg)"
        ]
      }
    }
  ],
  "dataGroups": [
    {
      "name": "api",
      "urls": [
        "/api/**"
      ],
      "cacheConfig": {
        "strategy": "performance",
        "maxSize": 100,
        "maxAge": "1d",
        "timeout": "5s"
      }
    }
  ]
}
